Implementazione,Threads,Dataset Size (N),Chunk Size,Tempo Medio,Deviazione Standard
Parallel Pool,1,7068,883,4.384751567000057,0.04883305621973971
Parallel Pool,2,14136,883,4.601478063799732,0.03141642302059883
Parallel Pool,4,28272,883,4.898640473400155,0.054693664913703435
Parallel Pool,6,42408,883,7.386755178800376,0.1101744796515397
Parallel Pool,8,56544,883,9.870437166399643,0.04860222099273721
