Implementazione,Threads,Chunk Size,Tempo Medio,Deviazione Standard
Parallel Pool,4,7161,14.645721792001495,0.1817581439971314
Parallel Pool,4,716,14.335818440998992,0.11477243516958642
Parallel Pool,4,71,14.679978023999865,0.4215195799260785
Parallel Pool,4,7,16.55073042100048,0.162446571807701
Parallel Threads,4,7161,15.14332166999884,0.6375633069239007
Parallel Threads,4,716,15.510240109999359,0.9976799820630343
Parallel Threads,4,71,15.426444069000354,0.37601240590277407
Parallel Threads,4,7,19.539914771999975,1.36494224482759
