Implementazione,Threads,Chunk Size,Tempo Medio,Deviazione Standard
Sequenziale,-,-,50.19218228800128,0.31814548253038294
Parallel Pool,2,1432,26.606475841001156,0.07910882197798792
Parallel Pool,4,716,14.519443712999418,0.06685175772162354
Parallel Pool,6,477,14.687935713000115,0.2745522418694791
Parallel Pool,8,358,14.618247784999767,0.04801640028134108
Parallel Threads,2,1432,26.98329104199911,0.24826634975949632
Parallel Threads,4,716,15.04928775299959,0.2346980384024052
Parallel Threads,6,477,16.589306077999936,0.6157539166750707
Parallel Threads,8,358,14.801387788000284,0.21590250153157886
