Implementazione,Threads,Chunk Size,Tempo Medio,Deviazione Standard
Parallela,4,7161,15.063494845002424,0.9879863937615208
Parallela,4,716,14.290554737999628,0.40887529066467054
Parallela,4,71,14.358006736998504,0.33054303470438523
Parallela,4,7,14.77981525699579,0.776984021217215
