Implementazione,Threads,Dataset Size (N),Chunk Size,Tempo Medio,Deviazione Standard
Parallela,1,7068,883,4.386147537006764,0.034218876696779345
Parallela,2,14136,883,4.851125695997325,0.2420885748153844
Parallela,4,28272,883,4.94910525999876,0.39701688365239957
Parallela,6,42408,883,7.243425363994902,0.14570252843170034
Parallela,8,56544,883,9.608247192998533,0.01510208981566897
