Implementazione,Threads,Chunk Size,Tempo Medio,Deviazione Standard
Parallel Pool,4,7161,14.16154463020066,0.053855329122393034
Parallel Pool,4,716,14.01081672979999,0.12331460415925952
Parallel Pool,4,71,14.237503483999898,0.0397704411964709
Parallel Pool,4,7,14.60796986320056,0.06492088325339489
